account,amount
5Canidjm7UpyocFkCqQ1xagXF2BahyYNf87rKAUUH85xmBLr,1
5FjuCtaxhPgRfTuGat3dfTFxJJazkqtRVWZX8QRRcbQRSipr,2
5FHMBZ3zZx5pZ9MkkcpLA4eerwPvRQCGu6nN7pBPBrpcbPyC,3
5DSEgvWHhzEgkdzA1tsFJ7dy6mrqogh7TUypPQs6Xgb7o75e,1
5GxLc6LMtModtfTYTj5KYbETb7BMQAabQoqyw6PDEeEzqNkW,2
5CFt5rY36V1JGYxTBG6uCC5xBQaRw2Lw5myTAhioLatrVWLe,3
5Eq6LYpARZnfrbHA1dZFuGnKeQkME2YYT3Wq8wPy3Vq2TS3z,1
5CSJokz13xhjTpfezrgmVEKCHmmipPaqcRXrbrSfpXaThrgm,2
5EA5z5UTLzfrXm9MTyVQV5vjkD2kbYHxrMGrfnQdqNh4y5s4,3
5D4XTMxcBEc65cGww7vz4yitbdk15TwX7cy78TeGyKZJGZyC,1
5D7kwd5qDzpExaNeNZU3fcrgM66izGGVt2yaYFFLD8B1eKNw,2
5GqHYX5z8gx4b29wnG1zDkafZTxoUqZcSy9qvdKG3R3SzwiT,3
5ENULdFQKQE36mL8fqthHTv6LppHpDU1q8Q1gDQUVsWJBPXL,1
5H1EQJkk7mXtEnG2ZDtCFdtPWiRNVW2tqMyV72AxhcSJarZR,2
5Do7vU9aCdkMjXetRwhHjYd4e3HdTa4d2ZtcHR6ekXRHzBw1,3
5F9mxXJtNTSNvLnogXEKxzu6qPNjXauskc2kTk2cmjSZUZ2U,1
5H3PyxBw19ZPNFpjWHjyX3doKJCWQD7MQxHUmUAKvVwcgcU5,2
5D2bbtkY8Ez8YGUKGjPK8WdGUKiXQ4YhZQYV8AC1mcZXENFt,3
5Fztu5Bwhak6M6hUe784yZ5jaZJeMG18ey6eB9N7ozzKg1Nm,1
5EqoXP6pEDkUUdbpom9qCSLgDiPHh4SPfsP2k2fHnhqzqe8K,2
5DcPAJm27Q9uK851Nrft6bMtVcbjfhaMc4JJAGQEazvWa5mG,3
5GBu4RHjtoSUpuUGanCZB4RoLJmqsSnWpK4SBu88dBsSJZhz,1
5GbT27AevgWznpnRXWuMcnYXmdQzVfto65w7nzU8VgQ92Sfw,2
5CfkFW4LoZZkfHKdPrk1YXomPBPJYPWCnAEGeTFbY7rtLpLx,3
5C4pgSWvd79Ar5giLrfLLyghHhczkQokTBhXtka9MgzVWBDs,1
5G4Ezzw23nJdKroAJAaK6BckxJ6MC2aDMKCR24Dst7McMmc3,2
5EEyTc1wMv3gX2dsavySQi5wbKSsv17NBpuuA1JhPgtJZ1vq,3
5Dt9C2JA7Hvg8WNCZcbWzBZ8YJcwGGkAkCeRfASJAYMxBQYA,1
5GxdVs7i6qk6mzyBY87z1j3gU9NsJLr6AcYNEjDMowfax8VF,2
5F6jnQS9UBaLZS4kFMhRqhKR2p7TXj9GtGEcRw8UxPmwVjMA,3
5HDx6q7oL5w4v1xDKctwQ85PKZ6SzFFW5FaCzfR26b9E4Dvp,1
5CamwLHvXUT4m42N13KPzPXxp148JFeuDACGqdbvRmgUecVL,2
5GgLc6odqpcRNh8EGNEk71HoQa9xvx9J7kVUQE7QTXtpWPG6,3
5Fq5sGNaJwzumwTm6N3arYtD3Sd8J82an7m7CjStX6CMNeo8,1
5Coi3hxgb7EgU2HE4TdvuSXKvwW8W57sDm15e3ophNME1KK9,2
5H3RKf8Wv8iTM4VB9VpxRVHU6brpcghpocZtafPDvArt95kS,3
5HQygx8u6kjhtZXeA8jjgTCNDUHyELuCAMdd2Kocx9kWzZgE,1
5F46mqTaFoBdEdPWw1BWLS1QxndspAMRRXZ3NqrEfJ8jb5pr,2
5GejBNM3wDVBQFMAunwNwp7dZpnnVRyP2tJUY7Wezb7J5tqA,3
5F72cJMJ63oprcfLM5LZvREKoSUgwpeRWAv3LnT1fmsF5E7r,1
5EsHz3Xgo7YxQ5JiQY7b4R8EZRwt8tiPj1TKARjNdtJif7WN,2
5CAnEwQtVcH2ciqgXNi9yPLnYYQdqitUsrsTiAMyPJPCnCYb,3
5Ca97ynH3gKgHGMmbtL2ce8SGVNiXee6KmpVCndcezk43tVM,1
5Hg2dwTvjXcH4B7nBce5jnmiUhRYYbpTg6MFafdbTxSfRpxH,2
5CSt6F25hEhojAkcWcAJHhEyVZ6urmsnGvcbPpa7BijMoFbA,3
5EsnA6ywtcomG2EEyVjehMse8WNxtTBYJ3pEvuZqMVR2H6T9,1
5HpWH5UawNCiD8MFKLvZqotpcYovHBM69JyfAT4JqFfqqaEs,2
5D8BaDsN4r7xbuMAE6S6SHkZDiyGCgy8gWGMoLgpKFtURQWg,3
5EZfbS2dPf7XHJRguyxQPKqsqspTyBQmYihU3b3wkxA78YnB,1
5C5QSNX9RdC3FX6Qu7G9LuVPH6cv2E3UiHRjnkpquBCpjNTw,2
5GRhM2z3WtVPhSDVvShtriSC4dwWwF2T6uTDLoevboUzumHx,3
5D4h5k6JucNPhhd51FShpF35W7yPH2MgjrVRgHMTVq3vDT6q,1
5F9sSR3w2Ubtqodzuuqp7UrhThdyVs6opTe6GrHJgjEn8a4K,2
5He4UG5jfY1sNVSQFYvMYB974wjMrdycQeqetNwbjeaaS7KF,3
5GekqajaRPVaqvr13jB3bdriqmBA7zq7H9LiBauMt4myjHkq,1
5C9y1e4zRPV9Z4eViCFsNb7vEYX2jhLt5wAcuKbckediu7iF,2
5FHvAiv2nac2nZot94jEtZzV5NAyLzD21w2kgXyViPwmyvBH,3
5ECFSxMcDZmLvcUV92bPi6sFbMnphxT5wvKXU4EKPKd9zFA3,1
5Eq9Sfsanvb4J9qgC5WHmNvbHHcog9DNfWRbsJjWzT2xrMr2,2
5HENjPbVbX13GsuatiSCct4wXz36tUNq4XtPouYfocskjYXF,3
5GbD3aqQL9CFmHt7pgQrXDSwFQuPG8vo4ZiubHicntmSeZ2V,1
5GyCJxrvdPdr4oE5cwLYPbHBpCrZh9Laj3R6ZFNyo4kzthV4,2
5HHaHKaaKLLzVqT5XzqEYVw7X68PNok3Ltpz3FUvnVsPYzTZ,3
5EqeabZFJM2j4xUiABbtQ7GP1ksihLswByXexZkGNEPpugSC,1
5CPPg1rXj3z7nk8ui7eaEVJJBEvetmG44ZSxV9xbzj7WdGda,2
5CFo2iHA5KzJyjWyJbCjMkQVFcjFyLpAZdCty7C4Ug9LLh5h,3
5GpebdkSWEjw7Bg4HwqESeYJDw8jE4uBtdRvMhWgZESiBbSD,1
5DUCky6XnixveJxoPX2yZ4v9gqFXaoJxGvgk9ARH1kNG83Eo,2
5Et8GiJ16fhQ8c3uJ8HnEFPBJ5vyE2Ux7XtFXLq8ndudKAFN,3
5FWearoF6NVEYXdXBweK1fX6QBgh5UUJwSi4qBFZeDTJwFf6,1
5DRyiDQycKwxCJdqNr3KDvCTt7ouMFPPAbQHey1yXAkMSeYQ,2
5Gc5JSATHYbmEPMYeE3xZoacnLAj5U2s5THhuPzfz8fjY5CV,3
5FKyouNGTqaXg7uYwegNJR6RNccrhJW9JxefPuxk7f4WGmWk,1
5CvdeQ1mtmbnvMLdkMEGhDP2kGWWC4AK8e2KDfcztUT6ZZ4b,2
5GuJPtRZMuejtiX9HRLKyzvzuacp3ncyFQGHosEHV832dYVE,3
5GphWzd4F4KKzsiCzuaYU2wQsGMgQuNKMEr6JjLAyWbXPR5K,1
5Hg2BVq7sBV52HoHvcHyhnzkXFGF1GFpxSFC7YSZbj8sDWww,2
5G9a1StgYxhGU24oF4B3Eac7uhXWzkVWS7fuqVKekMuDLxMg,3
5Fjx5puY7YQbcxTeDFuEcT7XoKA4SBFFfrnACHPYptMbygNK,1
5CveQyYxVgBQNPUGajbaj5FQo4KFZ8KQZKzFJieY7EpKFimi,2
5E4dfY5D2sjPoSLzfvUoBwa8NfLqggGCMPUUBxmdXQ1r4ssa,3
5C5rAZ5XuoasREPWRfQ91ngQc94QyvfbsLje3VyKcs9X8cam,1
5GZ8MfShrpfBW3bTTiqPGdmvah5AQiEU5NdkVh76QinudJnh,2
5ELujcsTXQQj9fVfnwsjVdrVrYzyLK6HTJBz6ySzc8Lfzv32,3
5GqMEv7VWhFfLVLTT84GrG6ftwD3f7cVB9KNpybpVBXfwpHK,1
5ESMeQ53m58DbFHvXr84ywWMTFNVK14bMWSqU8yYF6ofJCyn,2
5G1V8WzfbavLQxxqfLLMgsjYTCyvXkPXmyq8BMfqGMJ8WgqF,3
5GjkTCDc1s99W2MLcNBBP6EAxfMxdGtFCMDjg7RzTX27Vwtd,1
5ECw22xHkw5SMeYdNZaUGdDAArec4WJ5pyP8AJi7QyYp7og4,2
5EJL4bftZsV7a14wNZeHiY1WcuTPNmbKinW8wPJNyR1b4GKg,3
5EtYNLg1dVXWcDVqDajCcdpwLN3SvfVv2dNkqQ3tgJ4Rv2gh,1
5CFurhoCickCKnpVkbayj5VAkLN28wmUAC3Tv8Ndp4u3wQ1J,2
5ENrpY2zg3bNwKih2zKFRQJZrE5a3yrAtgBG2TsAD9QBBRGF,3
5Ctn6bXU5xR4zy7YsvJ5HuhNgtVWvRFgCsSEDg7jAqGyAU8e,1
5DA6Hpc72LrF7ewzh1DL5zMY2fy1RSbWxc5weMkadZvuSBcX,2
5HN4Khn8kg4MXeoYAZXjcbzAgUrxm8vhgzaWpHdxA7eeH93e,3
5EoJAY35SQMdZgTsiM2Zm6z6q2LfmSaUQQmSHGQvwoLmb5Up,1
5F3uFYHUdF64pzk6dNtJevbq6NZamM3fzihsPvX6rKxMt7q1,2
5CdKyFVph9i1nnZjgS9ra6hA4uvDcDnnBoQR48yornBUbgQa,3
5Cf8HkswY1XEZ6uJAhhdKi2YnRpc48HXYJE6oDvmubkMzzKt,1
5FLF7Z6TRt55er9sLBzAoj5WW8hn6228XJ5GJfx98Kg1mQRR,2
5GQsufYXnHPBUtmzeHHug9z2cD4ijkuETKCyi3nXEV7MpQWK,3
5D5LrPuXWyX1NjmAXqT6akG8t1i4qaSFSosvPS9yYJPepg9e,1
5DjnRuUY8jqLdiK2nmssSrXJGCawbSLZynNYdZ9qeYnUW4ue,2
5CCmgCArKmN99Sr5omiNp8xdoQZ1fjvVvRq7eMZcGs3p4rRY,3
5GWf9Q7B6LMCLdoR4NcuH8JuHWyGV7cbZWhCX8ruc9rBcWsN,1
5DtdBi3jxia8X7Q7u3FdZGmKTCVs1a1etkQn2PsrTAZxdUrd,2
5EoEi18FssaPvxqgVAD13xRMoZf9zRzqqq4438ZpW3j8W9D7,3
5Fsi93YAMbhTiztQPCKhd1sL7xRSDjJZscM7p89885BdMaee,1
5Dvqn5t1HwcFaYTM5QwDsz55JUAARGFU5KCtBUBXCjHqm1Kh,2
5HKkTqJSBvbz7veoZpszLD8Mh18TB5wnLuF9fUxwgy4gLnrK,3
5GTPGEshofBCg2LzyYgteaH8TguuytZT3ApJXmCSaRFG3KHr,1
5DZkervraGprwoqavCyuZfQrxMZR91fK7jj2EyF7YpNoVRD3,2
5Gn8BijtKxZCGsu5EGn6WKTorZhGwV6H4zZiMxRMSAztH7K7,3
5DDX1XGxa8F3JmpCVYscbRbM2QDjjL1Y5SJNckv3rRZ9W6mW,1
5Ggxvo8PdugSdoRWbjQhb7XKenJamjihSyJng1HkEmTxnDuZ,2
5CnikC9juKXowPsA73fc6Kkme7frZkuYwvaKz4ZB1YchRoCr,3
5EoM5vpShM6GvsqAdt9yLY7fXmMPJLzk2NJZ6nXWbejMoRqR,1
5FKmcdTQ2var5VA1e6rjnwWZmuZSc9J1ooX13ffTRyUpE3JH,2
5CSuPj5TVWcAWJH8qVUGtAMzBfqezjZ8utFXSq2jByRvmnSz,3
5CDU3qPTZXuRnxBLPq1GRog8sgQZesqH17jy6FXSX1ZxzVbx,1
5GR1BCuowwt45YhTG84E3ETFE1emvsY4G8SUctyitYCAAbeE,2
5GxRMXjBkgjAQZ3e81wSrVTS2gUF2cFJd4Qf9CAPwDQfENvZ,3
5EeRHUJfXKnPtqbouNpFYKUs93TVJhxNSuekBetURVGokUYU,1
5Gx8iKUch29pvSD29Kx3YYaX5gM69Z8rcJdG9dyvBpGFPy1A,2
5EJGzLW65oFPK6kgVuM8ep6HuKcMRAWLZ3u1ftZdX1urJPQ2,3
5FbuRQApHs5qreatVdavVqeGGuUKvXkDCbpzGYG1nMfBzT5W,1
5CadtnMXz4Cy3rnksMfFTogkEaDns9sAWR4KsSMg3maQPcuC,2
5Epvn98XnqL9eBFWW2BfgbiQnQVkuzXyUa32Wr6NdFE3YGEk,3
5CfJ2ktqiejig8EV1PcDw4fEvNsnUzHRzq8gW1WbHDF3y3h7,1
5F74V6bku1Lt1QZWg9uwpGLwMCeHKVoxDiEEF32UXBAEVWQd,2
5Cu7tfP89xQFBfZL88ZDaeWx58kyKuLzSzDUWypHLivSWgqW,3
5GnahHJGqwXya1ox85UkKtMG4CZ1TgRhrXAdfcHyFVaws4WV,1
5DscEewv2Qa85Ee7kWAw1FaFwEJsc4m34ZvCD4sLAXVteQqk,2
5HQNUUa3GacgV7fS6avrSjRhbVy7YudfrRoph2oqGnc3WKfd,3
5HbNmmryWrQNnupf1BytGETikgcc2uXKQnm4cmsBhaGmiBcM,1
5EPDWgfj8MykDNAG3eZ5UCtbSgS8kjfqWXon4iQJwY4TcXgN,2
5Dkyo55nar8NEtaDyQXoRqgYdszsXuKZiPJjJiMKKMZXeF6Z,3
5HgRLg2ETGtNgqx12f2K8ai5ZtWy7my7sEd9AyktaBT3QvjU,1
5D4TQskTQ7G6rRRjdt755f8XzVe1bDESR9knnWYwPzzJDipH,2
5HQenuYbeGEngZoqyJs1RVMGFC6REczp4UEHta5dDVA3yqSE,3
5CRqqRCKypAmwGW7mz25nuhRYX5A7ysUBWbTXShPZeKG2DzW,1
5E9qY9A6kwwqRJEZuXwxLTpBnpLw4gxCpaQb8FprJc7QnmQB,2
5FjtihrhHCb5B3BuJYazARmPj7P7xZEb7eqQauyTUKpA8TS3,3
5FZF9ZZioeXaXneD47pNgL2dUXN2cgAc57j4hGX744RCzsn3,1
5Ew8iSr6kAQc3HoUQrJciLPBJo4uuk7G3HYxHWDrwoE8oCcN,2
5HghGk3rLP7NFkJhA9FJj2c3xYyyGR4vM8QPx67s9DRCwfte,3
5FqZsxifV7PpcXnAfCqsS4xP215KEu3Yqi7bHadrQ8XzrdGQ,1
5Deb6j1yY6rKCmSoYRXRBnYHevjz4Lu9SoNgC72Vyz8V4VAC,2
5Fe3qFKaXi4WyBZroBaiPRgWvHnY8mUNmTeUKBAmZ19m63KX,3
5FH35TFYjS6HqRaUGqT7etN5TNLWQ1FPdhqCPEGZYnD6AvcE,1
5FCNNs5MNbCkin3qezoV69ZgPZHid9QEdMEVoRajvdjNAB2Y,2
5DLE6Lr6mPyDpVFpBJavVK6E6C2R8NzhqWU3v2DAxb1Frj1k,3
5CrQAXHm3CZp8ecHdkmhjdxqURjDW4Pb9HnzvdJASQKhoXCR,1
5Dd6b63HqYYYwgB4rY1dmLhTxp5r9STXaPeBBHbAxyzQYUDS,2
5GQqfdPGUyDhfrY1zCboL6AueCY5m13gwFKQwK8s3aJhThAT,3
5GNUndbixeTrGXmQCmusKddb7hgpL6wJaJPBDx1nEherxpsr,1
5EykR2tYQW1PQh56ermAHGkJD4QkbBNg1DATq9qjoQ975oJQ,2
5GEx8wniDkQfqCL5N5rovewfnCL3SQM5EEYQu9cWyMcmHgpa,3
5Hj4w9EHaZjLoKckFKmU3zxT53C7SWoJXWo9UgDBWgD3ZDCG,1
5CSyf1kzQbotdxnuPygn3wjeBhM4awRDAPyQAhrWW5WKAam3,2
5FueajbaqRjZ3VLxow4kcxMy3bNvAWKZ7R116vusniMTQRZi,3
5HZFNACimwTbnEH2xjpQMKkyU75t3ZDZUeroNspHiiV4k4W4,1
5DUXRh6pFr1XWL3ye2iEfzNe4WhhfYPmpb1hAuzDuJCAjfyC,2
5Cctwxo2FpKatnp5eCeXKdwnG46ZrHU4fFv6b1uJgdGzmh1w,3
5HBDkZSDkpDyFdpfX4R3aKm6nVbNhw5A8Tk6au5KkU5jMwg3,1
5HbY3WTENHPJypDnKE97FbCJnCNDVhMc3uyHgptzASxGksmK,2
5FWJEGjEB3sZozr8xHvvQxjtaRxUny7V71Y4A5tpGfkZkLxE,3
5DcQXjNWVKWHqzG1QF55GwwF8KQz1cnEAe3ggcX51osESGdv,1
5Ec5Y8u6tHyCo4bVscmR2D2kSnQP3JR8MWWXMo4UY26LQtzz,2
5ExiyMi6Dr9gev7xKiEgHfpmrLfXNMu3NENrWVhprYFTgMkG,3
5E6o42uT5nyUfVCsHiym4JdCGjrSVsj2jVqUoRvuwSf1tt2o,1
5H3adBxtrYbJVXpUnpC9Db3SQ8a84XTV1mYdoq9Ry8SEeJ9K,2
5HESWFc2b5WTdKLNCTwsSkubyvNNrcsMruCMBDQNefeUMAhT,3
5C5nvzTa2XJbqcySdrivns33EaS2iVb4mH4oJQCtaXjd5TJ9,1
5CPWKxij4sMzCGcA3jMhLUKdMBsBTqMtHRo3ARwnQvP5kubu,2
5FNe7PEWgtY6299zkkaYmuJwQV8hWrKLQiAUd9d87B2f6SGy,3
5HGHHev16XRHUUBADVPKMCx1a4g9T1To3jQeAHq1zubBSFpC,1
5CUwJa3auqzopHCMz9RHyF9Aww1n33aBJj4gbALGPY6Hj675,2
5FtH1axMZzCRnMEBUkRbdwKazePSLRbUdHbB9Pwf43Nu8n6z,3
5GQtKKfQUfkKCGvtBi1iMHPtPRoe2NCy9769ERbq1DXeXwMX,1
5HYv5Z52VhF3syacRY1FAUSd2WvWHF2tRbxgbsrXhmJARfWk,2
5CSrGNJFKec8TTqGpx2WxaE7Pn2vYobtFzT3kUSi8p52rk4Q,3
5EU4QX8zPS2tAugEeB26Fzkj7HwEsobJntKQEQqyw7PpZNEZ,1
5Dha1pKWnnfLEQo6XkCYbWqHmfVosrjs8JrWPdYd8DUNTVPv,2
5FZJBwUT7wwZJTC1au2V5JH8SVqEtpkjbsyEYi2yFbWmu54p,3
5HEbMGsvGrjnqdYofsQKxSbLTWkj92BsZqjwiTdTw21KhUi6,1
5G6MYidXRAVdH3U5fwdG38SWefuo5k6fdVbKHRnHL71CUC7V,2
5GHkSp5YdM8GCG6HCg6DJcBJ85fsBTyBDjZXmuAnoRXoMNEM,3
5DZkVE8pi9SYxqGmpC3PdC7cEa9dpM493XVdyVuztyz5Tphh,1
5Gn46KsrVh8wC3V8CY1cY46MzDom74Pb8EPhyzJ5NsvB1xSh,2
5EeeykhZBh3cbTSMbdyaMMhJNZARQraPoHHTCabBDNF69Zrp,3
5DV8wjb7FoQwwqDQqGpNoLVStkusfvRDmqCb29UgzVYX7cYx,1
5D31bzzYApcx5jpHYJFStcirDbqwmSmW3BjwZUdrDdaDTEmH,2
5E4unzejAZmUbTmZfnjLUEit25mhMYVhC14jh16VCUfHxdbS,3
5HitkQ1Y3NtmracXUG4cLFjpgsnBqJsBB1W7Jqq9eUfx5X7o,1
5DhANEz72QXsyffbiapLL2BCPiq3Vx5B7yWbo5BSeTHkMNE7,2
5GjDSPnQbhJnqGieBbfDP9btwhvQcfgzsQQi81BbAFjFB5PW,3
5DkyHJM8uXoppYh4yvWegKJM5iBombF61yhgbuzSQYvTtrNc,1
5GE4sJYLmemZN5Lj7fyd7vHtxSUPugbEY9wVNNH9bqywMhRq,2
5DiRENuK2Smf3N2Jm2boNC9PNiMUz7Fak7hwwx5io4p7ehLp,3
5F4tG2k3rcKpZLjZkdW5jj4gqkWsKqwu8Yvju28xqGHEGYo4,1
5CtHi2ek17Z8abxfjw1ZFGQHWHbSdJbCD2pkrRfve1Dc71wt,2
5EnbXQU14tgexg3X2ZYxKkHC7xGPEAAa4ynnSq917dkwAo9k,3
5DPw3sBZSXDcxyzerQUnf3G8PPjpSNgfDFnbHnYeawCWGrJG,1
5DXD5XUEcyYYojzwK67w3Mxg333g8k1JkHBQLUh7DphMpZDF,2
5DWuAwHgagPrrbMvB1zZvSoDfWNdkGBhD5PVVnH8MmPQPrY7,3
5GsiDHm6aL5XeiZ5XdMnwNP5m1Wq9pKcoTUskCVaHKk5rurh,1
5EFMnWGyePB991pvkda4GHS7hYXDwL8abSWLg2bCP58oJCcW,2
5ELBYU7g5cGd7KyfmzU9vk9pV6rS9fRS37xMVF49da2nPPkP,3
5DWuTYFySbpWBfoZ4yGQTVaK8MGpcYZMQopzU1jgDX6KugTT,1
5DefupxHByfPoVrGZu99ngmFPbA3a8uU7sRF4uXMrRCU4cvK,2
5G4KHXvrJYraJw1DztS3CKKSjE4psfgyXJAMSiBZJzLLT1gH,3
5DqYzF3T3vULJx5wZCFYKq3ZECXUzZSR1hg2KK52y5xQhDa9,1
5E1WAjC8wgEUpQhmFcUiTE84WVeWt7sdUbFzubC7jwB4knyB,2
5FUTNz5FAepseZVs6JjiHfz4EgyfdwubJ9Wk9Yv1598P8Di9,3
5DkAe8g5LB3PCqmBDvEJ97J4v5B4UTMbWQ6Z4JPBZvzenDkD,1
5Hgh8kUGEgNaoXJcfjNkuhCvEQ1ftd3WYzw9Ai6DyJUYczzb,2
5DeWvJVpHYN6Wzg12dBjWP3wCzXcgDSSfVSsto1BfrpYP6ag,3
5EAdWAzXkvnQjgQP2zY4E6ZjZcJGp4CnRzHHhKoLG3PNsJ4p,1
5HW7pT4f5gPi6auVHcE2w1ZoKDyvJVdEDV29hhMupHKJLZ9D,2
5FNqtP1onMQuC74qYAvUhuhkDqE24a5H22ANSt2T1q2LmGx2,3
5Df4KM2FPB5j6K2JiLpHjwQCMfSgZVW5biLnHWw1K4UVukDo,1
5FLLjycHzaTQYyh9sj3AUwXFgeX7Zx8GBF3aMw2Bqicap8aK,2
5DXXN4aRLgpiy1vgbZ2un2j2bZKocXws7PhjGVU1K5jZYe4a,3
5H4AivefT3aU99ywFK1mMo8PxiPf2qD7iCs2QYpVZ6T74m7W,1
5HQzrLSHi3P5rHcj5YYp3K5c3pHx4v2CRn9tfnUVQBrtKgeS,2
5Gjw8nZGrh4wPNodhApBGu7JLssK4REpnK6ZCgkur9nac13e,3
5H4LEqrAaJohmxfmoJjRvT3uHdDpy7XR6XVJyAJHNBYYA6tE,1
5CkVBCp4C9VmdNFKFjTkaKZ1r4UngQ8hwJMKC5893RkDVNqr,2
5HbEyoib4cUuh9tPHWXcxNQjmJrmTYuGx4yytxttreocnK7B,3
5EWR83W65jE6rVmUuPLWiyJWsx3BbtU48omQZkhjddUVnRhV,1
5GpPMbKiTH7BSekWozFxk9NAECxG2CUxS8YBXbgDFWifM8ts,2
5GpoCC8nwoPehDpLM229XC848ABeHMUb3F4no7rAsXbFsCNF,3
5H3Z1TwBcEB3Y1Rr2ZSzGY8bfN2LtphWyHrDscxiz5boZqtD,1
5C8AJmTX78x6HUXMh38YaG58egoddKr787TD6Q1v7hZnS3aa,2
5F7Ri5eXBt26iJb8SP6UJh9uhZyJc3cCoh9hvWXY2FnaLPbP,3
5HBzHxbgQYK2ZwA1NMYpmi3AdSjPR34qU2WEpKZD65LCmZ9n,1
5EhJBX5R7xrg3H2tY2pbihhF4xRHsr6spSDMQzMrjmo36WL9,2
5EhjcF9jbFgmqm6cgfFnprHsCi3xio6HDhJfkSzp6FzCfZqD,3
5CMNYX8RXVAJpQkPmAz4yPBMiuBCj5k7V5Ys6m6gakweua6L,1
5CDikXJhpxGcFCqRRVHBuupfhAhpXaXqKK914ZHJc9GSx4do,2
5FTre3GpBWZzECBQNEj5tJmJfXf5LDPShTBpv4Jzeyctks68,3
5CD1XAzGUjRvDhDvtrGz8HBryDr7AwqDHEnuwjB2f8eTpPiV,1
5HmYFyEpuTYkeAJkJ633Sdjk83dYY8ZTZLQDQF2eaeV8ZbBo,2
5Fc5641Swtai7aJ9SnwD4JafpoiQ3CMyAJJpJPTVGnS5DaGb,3
5DyUSM21tygNofmdppjG5iPF16Ydvy8tajw9H5ACVA8EqPdz,1
5FNWDmmbYqJfbsMCP8mzkve8kGSPSBvgEsEmgmP8EbwSDEiE,2
5FPR3ofo1vfZtLNeDRAtKA8baPm2f4b5MN7QsoNQrivQETVR,3
5GHYnNcwhZrsv6x8k4BJcNngVZuKdJxk7jkS7Baj6Q7YqaM3,1
5EeJbhXHtj2MeCUKF3YnswTHJyTjGPX8n3yVGGMGaHfk2Lz8,2
5DPKzEUnXTNioHZKjxccsUkqyAz9ZUiV2VUfNCUKQT5yGUcr,3
5EuxtHts28ZVx4Nh9cAdsCGqDQVkTBFBmZJrdWWRbqwYyM1a,1
5GjSGgJhKUhFDtfw9r3bbz6qAZ9xNZkQdT8LXUJmpcv2tJbQ,2
5GuPg1swEgSv7zouUC9UWBfMW1vzGzV3AW7RX9vN9FDS89bN,3
5FTYdvseXAixYwVjeEkN6tZgRdvyf1FLVCVJYwmpFkd9HmVy,1
5EfFEahRpqcEavP5CnK3yAMZCsvwHjdmffeVHuwKUT52ZfGL,2
5ELfXCLgpWFZT9YdUmxPfbpBAXKUgyz5TT9SxB76vqTbmK6U,3
5FEqwiMDMsD5BNJ4NDVvr5idPiRcB3X1km2uE3WZPVEohN6b,1
5Gmhx2J1DfPsNJ1KH4CiBMWRzcMdGxU2iHxuzwUipnM7MpCF,2
5HW4ZVtfXwiZChvnxAemUTDSNwS3E5STeRuXBpKRxqpHVcvV,3
5DPZyPbyYmk8HfdpJ3yWWab15Lit2eGXCZVwkopgMq4QgjEk,1
5HBqQkmNYURdoSUHPit5EeXnMieZXrjeXWFYugTSMoatXRot,2
5ELy24hwVQd9AtEzHTixVvNKu9RKD6GnEAb1BKEofNhiPeYv,3
5H64ricVxfDgwq6gL9Y9PmjBTjSh4mDHpnXH1QWd9FREtEVN,1
5DDCVa89ibHeUEzQkTDo8ZmLs6GZx5SGiCAneViD4CBPKCkE,2
5CAjLXs731Y6FuaVUSdgKCgE75HQ8Exb9GSSczKLWT5q7wva,3
5Dqs3ndGZR7aTpPy6rt3f2735a2L7cXXMoyiC3Jt8Tu8Vwhs,1
5HiyVrdkhxcfRTxBfgFtx5GcPhQc5v3J8TDQuGgnwvAESP5H,2
5DHt3k3WfFiJcrrg96WECQs5fjxoAWFj7qagG3ejr4t1DnBk,3
5EA8Xvuqhrij3Cd3yvVfk84PT1qU9UMrUZhMF2SttXaY4mYb,1
5E7n1S4gKDRK8gWPKBcaiDF1DPLuNZR5h9dYQWBECCxP3Xgq,2
5DfAzBammAt2ESsjHPEGnr2vbGuHdtW86dwKqQutjkwAKCDf,3
5CnrrGEJsuhtG6BYNRXnUhz6gZyUVem6m9uETCTzD6a6Pe12,1
5HQttDXtkZmsXKV4W1CrN4KNYH29zYiDNvaFS5ZrZXoUiwrE,2
5DsqisUiuq1m3LYcr3qcpSEbAdDMXsYHDHxWT6t2g9YvutBu,3
5H3LcpJYheitFw2uREHVjjk1hDSF8RreMMkKBykxymEpyYML,1
5Chri9oytBNdHnNe32Zz4xFHQBMGrZmjhxSq7TjhYTGKpRPQ,2
5G45RQ3aCWTiZSvEEG2SabbPBhEBkuKVwEuHrVhWhVjpNvnU,3
5D5DTtyf8fKoDs6aYKB2KwSCSsLptWockfdsDEdUJ2CqwRJ6,1
5GHS1Ms8PYrhPPLFgkXd3fFpDn1sEQehHMEohJxcY27LV3zE,2
5F4tWaAD2NHN4HjsmMLw13QpDKuGJez5tvSRWHTUxohZqi5S,3
5Cf5itTPfxdThogfaGZkZibhLauRboe783EncF7FpF4RYdyv,1
5Epi1csBBNHb6QuYFN65uqsm1YBFtTc3CAhUQA8nDoJENxDC,2
5G21L4ntgyMoyN3mjM1qM3Lat6bvWAHfrfiNnXVNmZsJicpE,3
5EnRGCWLqzbpYU6N7hHf6qxv7C2S57aZMgPH6HutVUWMt9j6,1
5DqzvGgWeoGedvrmEtw65assjkguEr3Cb3VgZwRqcWEHzPT6,2
5H8prFXyBd2QajMdEns9esAWGhntZ8BsP7GPsjdW3AsJvdxi,3
5EF9eQQ24y1Lg7sWDY6y3b1sR9jCyFFShafr3Ez2gMyboZsu,1
5Gnaop6ArCuz3PyJbqP7RMNxgzAt9uCdpf7KytmCmmwKJoUj,2
5HBPDjzDGUMRqeCDioPaxxMBZX2aPxwetx8BtNmwekAyFRWk,3
5DRS68JJe4avsy9MrAcvgT3jLQKXbcon7uVVVgRd4pEs2D93,1
5GHUVYBe8XC3fEorx1WSnLzFKdiVh87nMiT61f6yUvzkYG9x,2
5G4VKNJGX8uYPfyQHMVTiDvSoT2fb4RFdSVrixUNmwGnC46F,3
5FLV68JrRqHSDbnmNeuDBPvciVNz3D4vhM8aEoE5bDMFMert,1
5Eh3d8rNBCdwZaMoWpW3mGFbd5E6FEvzZ1bkCcxdETmiPK48,2
5CmAFzkRGpubPk9izxfuvbwB71GrcXUf8jZmhSHuNdssiqNJ,3
5EjZAQuvZF3agtmCRibijh9JoJSABknNzFVeUwG9E34sFRB5,1
5ChtXNxD8K41gJN1iwmf7vR71sRS4tEDdz1eSngEZoP1apDd,2
5DcRhwcVvdXhaq5Jv7rptGWyWAYG74111BNBk3k7Q1G9NeGS,3
5CyibxNo4hB1Vibismh5AfBJZooBeynbVQHNjZbTuAjDse8M,1
5DxzFEuwdGmZ7mkE75bz1qc8YaqqeE6B4hM61W7YQGYLYZQ5,2
5CCjjjHYyYYKex5vyZVgZ59CDjN3yqEVRHJPv4YePaAFpQy6,3
5GYvmf364dkumejy2kGUZ67FjiragpLmXrnjokcR8VjSr7i4,1
5DHxpxbysgViCQWV9o2mzXvBTgkFpsRd2NjnU5VXTnJVY3hi,2
5CLU4TenDK4eCWqsZAKMXZQpRCcBawTXS5VFwKu1UFoH7Xx4,3
5D7xRG4rTKxrMF4Q6xhtvhurLTyg4qEFmcYaGkbEeApcA8wU,1
5EPZEqsXeFXEStzQk9hu8Q9snSvduyx6u2wrGtHBtzq9PLLE,2
5EWQdQK5e52s5LAgmZQPE4SMDmNCH5okUXgumuo5eX2JbkkQ,3
5E7VCDpQKHCBSGwq6m2Vq6YkwEZmokkadeQF5pnQmrG6y8z1,1
5H13f89GnF2zSZKp6uMRMu967yDGz76rxTmfGQU3akBNpyBj,2
5FWyTuYtC2kchZ5x1Uk68XxmAg4mq1C6opQFxYNGkJGNDpbR,3
5FyCvmBd3ofz2NdWaHtXwCLsDZidtuj1yqaGCV1usGeHXqEJ,1
5Eca53ga5oqakzDn42zEVZdz5s4i5KPcbS7HPruWNYU8MAeu,2
5GzswwVxDZJo4aer7Ymr26tHsZRrUqu1Fge4PeujaDrZyS6k,3
5Gn27ibGk6m7mbu2hcRfChHsavCqHz4P4tNEPBQnkHJLLJvF,1
5GmcHHGbpdmaExr9KvE9eEmif5x2kwBHRr69NRCQCVkfeoPF,2
5F1SespjUUMYnMFeYjmbneU1KgzzxuCv96zYwXAtD5Ffm8hr,3
5EHiNxL9ReAE1Q3f3ciWsvukhdonHpQiGhcBPLKSBtYFC58A,1
5EcMkXwQZZxF6Pf4woTs54U5NiKdGB21vYqp9bhMkTmfQbFg,2
5HVsdAYA4pFsLnezb9kcPaox1gkPh3p7FRZX3tWUKHbMWdQV,3
5CtYhXDhrrZdvTqJmgifHkEGVW5JKu9f1HdQt1GZjKVNBzs5,1
5Ek1tr7grf75pTgPqqNnPBiJ8n6cUBdtzajPsSQ2gQwTnd94,2
5Eny5tpVEZKV4MZQB7JuvNfGF8pKqeXUYdfEVtr3jraiGi4a,3
5ENxxfpDsoLyqM54LhinSNaqC3z7qBok4Tij7ZoPj4JGGbt8,1
5DvoyHKAhkqjmyv2FsTKJQUb9nb2u5HSPLGMsUafojV3nzFx,2
5G7DSQ981WaRa1hHxU6kSGqFTGEZxLeGhzfCKenffrTGYRSL,3
5CZecKo5Pd1YfT5rMJAqmcsTDRKgLSE3gz9hUD34YMGueEev,1
5EbyWdc8ZFXP6tCRwiQ7k6J7DBhYpxZq1kCn3BYoVhCi1F5t,2
5CGSieDNVU99zGD7ThXoiPcqw7fsREVrzjaCFUVJqax9rTxz,3
5GNdeuphbnHeWRfPAFfZedhs8R8Pmi2zvAkVVfYzAPgBjZFS,1
5Eq5Y77HLoQYC8MPDjSzXo9DoDbyc5wapzgCiHjt1ReLrVni,2
5FhiiqiQTwjykkqzAWK5jhqjaT3dUPomzXZW2XusbSR9HvRq,3
5DqKtak2t6XvuwfBs2B2kve7z4YjAK2GX6guagr61SLnyEKG,1
5Gy8LLi6DHzJymFjx2TQt1tiw5htrToFX5AHEpwXJ4nnyVWL,2
5DhtkmdsHL65ZtdkhkbP7mLnSusd3rntE6ScHqrdp9wq9aZE,3
5Eo5b9fzcUAnWqYTRWwYPbmqFnzPKsfDNSB715UVmKXNt7BW,1
5GE9ZQCHF6gdaKzbnUZzJTNW2SJzfXsq8B2GHJQ4Eou2Vdxs,2
5GhQWuP6No4B869g7r2aCADcPCDuKryQXbsdqvRByYejzMhP,3
5D82QeNp9Xswojhuw7td2RAgwszJwiv8MXHpfQS3ePMutM4Z,1
5FhLDMVaHFNo7zSaa9UEjvrspi4bUjDpkCKe5X7tkDfdF36F,2
5DkVyoCCh1gL3HKxzPCa65bTetjSyN9aP3GmLzAiMUX3mg6J,3
5Ca48mMenpzEBqe1onZMqKETyLZsamZcCnCFXqd5Y5LFegF3,1
5D2DgrrSQHETyxvMxmCta4b69WS7VYbVmhMtNJGM5i8znkTB,2
5FWjoxuG9ksCH6eUGmK4LnPu6LL4Fxkfr2zEYpnJYiAjXduh,3
5EcNuuqS9rTj5V6mXybBfjYYzbCuDKE7yQLeGyWKVFKn1aEa,1
5HVQT6Bk7hgUAiCtRwJ7kAJqSS2SkHs7eSRXaHTQAvd9cPY5,2
5EUY9m28WsKTnhaBrqncw4kGWoM8qBwfHhN3krztEaqX4SHv,3
5EA614yeEaf4X7vbEVrAa4SSb2z2iyuJfGRY4eJxT5SzGvZi,1
5EJMAPvbcb347SeEvBgUpaY2m5Jqoq3buHaRSJRHoXLFdjxo,2
5HVYG46ujS3pxaaeFY3e3ZF9X9tiR8edZXApRHuis7CZ1N1r,3
5CCk6EtGWG78P3EtfdRg4mHdrqgKApDm5ojuAuUxyRsAjkb9,1
5CFZjchLQDnQHqeggjgW6VNsejxbfWBLyqNYfJaEf4UiPt1z,2
5FUTAQarRAzT4tS1wEHzSQFX6UR8DfSMr6BNMBRoKxckqZbr,3
5Cngvy7FDGRnpic5Nh9Arh15FGAPLy8CjUrN9k1hp9tgLAvc,1
5FTfypCbNt4T5sd1Y48RPK1QuPSGTJdsytimyxoQut66jZho,2
5C7U5MP1dWwJBc8vEgvnMHeC9QARnxfeNGVTJfPeLmTfai1Q,3
5FkKe3UjGkDFGh8GitcKQHdu8fi912LwkgG8aUTH54MiLTjc,1
5CoEfDiDm3Gha3L1HggkPwjvJX5mosGB8uqZCh2y2icoJXX2,2
5FYq9PdjefCMqmbANMk8PoQNJdJW47eRDUuPaTH2DYHFvKRe,3
5HeJ9vrEqQetqdwagRZW2ZVKvVHS3hUJyj3EXCUt3e6a3NZ9,1
5Ev2ew6mfg5d5iLGZcgmBhUks1Cpd1aDrKrVV2LJ4JHh3HCv,2
5Dqa3UkrekHpqa9vR1v3XoJaFpHafB2Qng9F8m2eoLsDwKQQ,3
5CwCLhvLGrkmgu6HaapA3yapvUtK8HFXFb13umeoFmWD1wwR,1
5GuqZU31DNqifbB43jY56zkCFU4cosjoPaorbp4z8K1bCR9R,2
5DV3Z7U8RZCPf8PsybKdJzJ5r8tUHZeZDCt8HVWQ6wYdx5E2,3
5HBQCmtYeHFitk5bM4CxfCtqN9CrRwC6wVrYgbeG3B8hDnHx,1
5EyP74NuiU2iKh3i9Z8bJGVhyetAu3C6CYnowcuKSZ3f4wvr,2
5FgceBd3Gro6hTZxV9JGUg3LzqJcUNozVNdTEkv1nU27KsFK,3
5GWrfGnZhQEyYKyJuvH5RPRMkC4Q5NBremwoQu6qAQg2jtoy,1
5E7jtGeLhK3aHCfvMR2c1fSYoQY1JJ4CfmkuRUz4SxRAC6Vw,2
5F4KKuQQHbJvL8M6YBRmfiGF1kKkKz7azVPnTEAbPBiM7uD8,3
5DXFEfpATtJoS3GPLACsJGpkwFH4VvFmQCk7xy1yp3gfCHEy,1
5HgUMNGxy9vznZzq89wfUveCVmyKKzwoDYMDECgDVtP2wCMz,2
5Cz7noDWGFUL26B5L7ih2Yo7YTZxUbztmxTJPzrcccP6VzjC,3
5GsDUao99zwbnL8yGRYrPJiRFr3Hdn39wcjVNAAwEQPZTPqy,1
5DhmxZ62LQA4xWHpR34Qhtx1ZsDpefsRSpN5a7aDn6vedbg9,2
5HNDSKxYjoxcFWw6yUpqxfQg4bhsZDHAokooW4qQDCPCHjbA,3
5DJRHXBQkWA2ToqwBXWuZZPLzfXkHW5GYkhQZKvqtKYJjurV,1
5HBXLo7JRSzq9Mgy2ZKscJixCVXogpqi6TE2yWS4t51ezw32,2
5DvhwVBh5YZrhAkS6ZhRc3ffG2fPQTcb8RFRAbsDBuZ2Jmej,3
5GQppta92gWyaum61qyCcnzGi2CozV2ZnvabtyttK7aRkmCR,1
5Dk4yM9WqBwyAVcavkAqndK7DeqxD879QPcL5AJj3syMKbD5,2
5DtHcDuuXQhU6uPCDzfq5x6Vf2BoF8RK4tCuySsywmx3qxMu,3
5EeGxA54i8WGacaFzMrDhV3TXaYbCN7iGYo6PUj2F8yy3F5m,1
5GTzLYLDUr8n5XYxPxkSwxqxjBoMBYne7ApVBBvLTx9AdXTU,2
5DnSJUMzZa5Pgj2KsK4dqftCYJfjPrKy1h1UQF2NgH4za2CT,3
5DvjZL5GCsw8RB7mwZKDhmKzWRHwc7qM6kpdRiDaJwvTKjxV,1
5DeaPGLyNHtRKkCWgytfLSjXS55ntqoi29jL3veEQzfG3yGw,2
5HYnwKvMmhCJKeQkZSmanS3vZpR23nbDwEPD1bbV1aEQbzWB,3
5Do2UZkcFzgbASqK1PuqsgJP5DgEX76WP1PQ92RbtZDc52WD,1
5EsVq75Fx3rgJDQoaSx7tsE4FLxKVcMcw5n4WGAKVJjRAkf6,2
5FduQVj5zYPEdC5Xi6h7AnZQt12C2fq8CXvwwdp8c2ouiUNT,3
5HavJCGPqqUyzEz5q2zm28gagpkj2kLPhopKVwcsf6ec5SGK,1
5H5yFcf4KgM1TwqfMWwtW7PqZk51SudbQXwSCZpfPwNeFhin,2
5F4fWDTVcjWPgWb163GfuEtxKmN3ftSfR1ecPddCuastopKE,3
5CCiRVf5JYmVdxxe2BBAEj5SRuYvAdodAj5MLUsPCpAR11QT,1
5GYxVxvSfiAHLvCW7Nu2qgihBsQWDc29tyrE6E4KmauVnSXh,2
5Gx1mdkqqzHFo7t57Zx3XLqK3VvtshFdfkGxKCEjJtnoAhVq,3
5E7k6NcPPRUUp7SWBg1EZ7Ni56qEJoMKrr8iYawccfxsa3iv,1
5F7FBYk1NutUm3NXPAacMEWPvBVhR7cfF3YTF2ydPNjyaWet,2
5GEDeqKApxiNQbcaTdWWFJbC4h8AJMYmKgxRE7UMJhin4NEb,3
5EwAEouceLhxhmE5evEmg8jBNtFurD2bhrwATn9g3iN9cXnA,1
5HNGmfnviTbi9LcFLaHfaTyjpmPA3uak8sSvxqLU5ZvEbjLW,2
5EATjVYpYULn1DBrMfxTL4dA9BgXLC6PhcFobpb1S76CCR9H,3
5E4JD5pNNAsL2HFzHV1A2Cx2M14No8R4MEjdtkB7Fs4cpNZc,1
5CRvxYSVjjSC18S3kSah5KeaeoCTraEsGuSn2viQ4QNweXcF,2
5DaLUXp2zkMuRvwn8oKXeX5XueKMsf4BNgvve8QJoBMkKGMb,3
5FEpx3vcAtATif21hVjgm7tDdsQvQkn4UHTMvhgqnHpYub44,1
5EeCsg2n6YjLj4hhWRHMp3rrHE2qxHyvdwjCw7Tra58cd4EX,2
5FZEfvdjoV9hNsWvWnGvM8uVU8ECujhrdkCuWQLVfyj3v9NM,3
5H9djKX52PCABV72EZ1hacUPj59HwvfAPwnYFq2aDVyPVN5e,1
5FqBes472Mr3T3RTG4ERFwGN58FLr12wicME3PtMnrTSsoss,2
5GEN7Agzxjj7wUsFmWaYNVXHCSDf4Wzo41HjrisYWiYs6hGe,3
5Ccr2nnKzmsx8khqunoRAki9gKwGuH4WJry5DQz5a1wttXTo,1
5EUKu8J2jasdyzZiLAmZx9Zhu2DdPX2xNo6vNauPKTNK8tiA,2
5Detaq7fZ42mz7pfnQRwS7mUyRf9wp3W2a2g1FgwchPevrSP,3
5H69WzDsZGkZRg91VYZ6JxjCpLNbLuaPPNDpbfw8vKzaNt5m,1
5DsusK4xYzD3snjuCFg6CxryCfzT7BrZJwGN91eY1gC25WWF,2
5FbJcvp8DazzFB9WiVbHx61JQaQcEGKopZw85YSsVQdzuxCb,3
5DkfuiY1doALGD62oQ18aQykiNwJiRjE4KTkwaVFQf7fCrAX,1
5DXWijiXHLA95GGz8MqYy73BYj2Py7dqzEm47YdRfeHcZ7p7,2
5DAuZbiWDUsc94WpYcyxm5C4PGEZeMMimR7Mgyo45f17e6Js,3
5GHqQ28aMNwicKfyteohMhiN6q4Sfmns1HqGBrKrb835cj9b,1
5ESD9u9RB9xKx2kUNpQG5LbMtMNPrNuLNXXVS4h6tH28B2W2,2
5ExkqgLvQtyY57GEL5TQBmNvAQBkZujjQADo6xNtKLW9aKX7,3
5Cu9kKSiW217MLEwJ4X4N7HCcaP1Ra1XTrdx4UQebB7TarKu,1
5EFAP1feMfrX44CZjPm9auPfSsYDyhzn9ozq18iCs1aTBrLu,2
5H6ebb2umJgW8Xn2uhWQ21fvuoS88QNTiWrLE4k5zCUcTHuF,3
5CnpUuGaAUagK7ENMWQ77C76GLwgAy1YWiE3zewngpBbbCB8,1
5FpUwwttshUcpHMtwbqAnMPBnWGQ81nLKdsDtcLwNK3ZG3dQ,2
5EereDCiPRe5SRyXvA4mYcAtgcX1RQrmmsk8bbarVxpGYiku,3
5CACkSjoJRvrgBYw7DiTz5UPAkEraLpYdyongzgJftNLw5yL,1
5GuXhVhaUcFhL7A54BMJ84C52MgZoC3w1En616nP6oKmtK1W,2
5HKvyJB7SFaGLxraXiqTtcc3ksjvrBtphoVu7QpPoCASYXq8,3
5D35JR66yTWYT5qWeEEsTF1v1kAPGQXyNYbfnqjJAr4nU5M3,1
5GYp7BBfM1Xc9a1zsuqwzFqT3KjcJjt7dV92qcPDoErgVReG,2
5CDNVwkoGwWnpwt6KqGFSBXwnokz4D63Hi6PiVHMKbjMEkU5,3
5Fni8tN1ap6xewgEBtk4tpPgaxsFy7edyXh83HNRubXrtm4D,1
5G8jFJerdqGzpufGo29kcWTAwdfTdpDQ69NfNtJ6fC3XDj67,2
5HifUx1dcwe4N4GaHGQihtLejwtermyd268TUQdapYEPAFd9,3
5CPqZ3jJxVAJeU5F638QQHhyVd5ZCPLesZq9Zh2XCobVH5Mn,1
5D2HvdMDkRAWy3DuzhWWouASb2EYNZrGhW2c5a7gbu55gsEE,2
5FRGGuM3xeX2FMP6RB8xMTAEu2Z8ZDLUzAEdpaEKsFqwiM8V,3
5HaeScNshVps4CHDh7FSGadmCHChtYcAvUrvnU2q5bofjd8G,1
5GbMcVrzu77fh98HFyK5TkjGs4dBuLdxMB3qqMC1UaDG545K,2
5EhLzqZJwsUtj1mJ1CBiKeWaj7uyqkFHzEufquwpk3ut2hXy,3
5DS4Bswqdxb49DpA49B1RJZRdUa1xan1JjZzxX6aTaKCJSsL,1
5F97NUJDisj8FX6QwHDk4Te8WAXrftqSMmTHtDrHUFEqWUHq,2
5GWo4KKpNpZjqLjqbrLAXbGqRwSNgaobBsMRvn7mfnGg6r99,3
5HGMDLcbWnK7kp26FG6FwQUYUKjqyJS7JHrKqtG3aEjnMXAY,1
5HR3Z7mxchLaEryFec1dgRjRjXz3qgQWP2MCXebcBn88eZAo,2
5CwVivBsEqfPCz3VZk7vqLAF65zKiBwbpv7RQHoejFfRmWib,3
5FFXZtA7M2pP4f349UQtteUQAdYDWCypS1KRpJHzarHCsViH,1
5HELiJaADpLT6idAvSD2ibH8dJNrVa81wJFhcZz8v3oz4aPx,2
5EqmE7pd6sLzGmCAsKGbjpMJ1hi7spyzeRYabEHwLr2UqtKL,3
5CCtqHmgLSWQXKiFo2myjjKPPJPMfLTE4NCZLkLx1YMrQhUx,1
5CAXB7V4KL5DntF9cj3Pkingah3nZMy46MMrYgNQNFTJ55KW,2
5HmfQzVHT2GiQVfipJBNgt3fBtwQYaZdmHJT5szWTuEqQupC,3
5E2Vkyf6sHVg5QE2XtnosxNHD7Y8xpGPzBHCDgg3q2jWzA93,1
5Hmz5aGwYE4y1xj7XK58ysFi2NkQmsJM9fLsYcNLsev4pyWY,2
5HYVANz3TXtyH1cUP6if4HKB5icGRYQgHNSPwrm9dBtDtxLV,3
5HjJDfBB4F643wgdJDGSKULPvVT96tDdhANbfXDBh5SsQ5wH,1
5D4yXZenhffEaDTdhNcBQjDCTw99qbMoxcQYnhw7iG92hf21,2
5G1ExXZRY8amAJ55kXw9yNDZkcxeyAtwx5TxaqoTmfkcvcRN,3
5GW7nCoCX9qLynHLRFRbpt5mCVicgLespAXwmWjLzpeckhSh,1
5EUGUzAWzQcj8Pphmsx5mNj7hYYV4DsDCMMpSYMvMjY1jCHS,2
5CzAGdH4dSjdAba2ZxDXFydaNnKgmVWuAwmNEUdjXYnCBC1c,3
5Cojw5CYtQP5urocN5Cfg8EyMPbCrRGMgSbwagk8p2BjdTGK,1
5GswKc3Yzara6HF1eNJa1a1YStZtTWA8hasKKVLRJR6VT5jW,2
5EFKXpfWKJHUD3q5G9zCFMBgsXNzNZ2wgVUMdN79nF8d1SqY,3
5CnteKZShBwPsUu5zSo1VmyCr5rvjEGrcKBuahKytvg2kMuv,1
5EWz9BLu4b18YSDJuHpaw5p7s7SfRwVB4bTmvuQaZz1m9gWd,2
5E4gpr2zNbEzrPqmWXGsMqfPNk6qWo5pAonKEJtDhYBiwAqC,3
5EvtEzfx1sqHaG1FEdePTgZKdtiBEedQ2Sq1cK84Ab7ab68b,1
5CZwoqzkMGAga5UBcNg24bqg5NRTFaLqPG4pfbkC5QuZUZfh,2
5G16cYnVB5ZB7bj1uK8G7d4UtRJ8f5JrhVVLNeggzL4sXJvh,3
5EnHjkQUHntkMMtoCTCck8KoY2mgDb7bE5jApSz5TLARtxxb,1
5GUBdJzUAJCf5bTHiMbVUHtF9NtUgLjZta4Vx5E6RZmLXPm9,2
5FRQX8njiDBZYRpLZ6bPBrT8WcxqKnAG7azJSPvZBcpbyqTf,3
5CvcKdEd37AX3rQvRVamrxwkn5nrsEcXeC3kSkTkq6nrbWmR,1
5CnyEoK6V6PotgpHjLiF4nZeNcFaXBJCUGzMKZN3jh441Hh2,2
5EtSNGgynTVaf18KbPymjbnpHzVEZxzKGTY63Q25Hzg8AZhH,3
5HQrddkonc6kCmNBB6Huzj1fV5sGQW64USxyx5jHWYrvNt82,1
5GNTw7WNgu2wgj4VWPumGHyZ65uHN3GpYis9fP1vEVXgy6WA,2
5G3u687fyaniueXh9WFLHFN9Wx9KNzivPnBwnYLPkbGMgeRZ,3
5GUCq7g3nnBm7BQvDccJ78auRc1C6GHxHAPxFrGCfta3cjPG,1
5GswVfHMuLqZoUhyovAzv7hgJiTxyoK21cTqmhrpiP7j7d1Y,2
5DejeR59KA4XCMa2ZRAppXq6tS8Jsjt17tDiWTKAG9XKuAYu,3
5FU4apEbNk5CDXkWEm2E5MdahUfHGB64Na9ecEi2N64jtS6Y,1
5E7hvtdBg2chdWA7oh4iPsP7qPMtKfKW5tZN9WrKSYbeqAgM,2
5DncSCzKMHpnpGN4nAu7pMNwZ5X589RSzyRJZ4dWMEq58bVv,3
5F6unSV351K1C3XViHK96cCso9NrCJEPy8Nzrx2F81nifPXL,1
5F1uVKXWCcjsyhoUEivn5sbTTaDknh9HFDMf6LpJi74dyg6M,2
5CJjLMsH6mTC83ipdqKEm9JuLqLR1XBav46fPmCWcmCw6GSA,3
5CtmuUN4LpZRvxCAJJkx7g6Suq47BUrW3GaQTmS38ykPWAeo,1
5Dd7bWj8ku8ipXyhS7vK3xtP4jhDenwfuQhJh7AC1MC2fkNw,2
5CkgtEvxnL8jgjPMExZfPUGFTiEd78H7Z6ZkkZaYiPNtToo3,3
5EFJXYGquAmw2NS7pt1V8CHdnYqnpJbhmnvYv3WKriLV5ZrU,1
5HGZsPLpTPf43aVaD1AR2gvaXZcM86NXdBKwwkEwDDUDJz6b,2
5FWmqcircdskhfBg67Bk9sZ2UpKE7vSrE8dZ9wiERGQgLNWy,3
5FZYSE5jCHiGongUtHoFvR6QVwhp9QSsggcxz5v7HkF35WeB,1
5DkK2FycMUgRy5wsnJEuWx4cGDy33MwfRAhHn4WrDXesUjHE,2
5H9NaGd85DBLCuxKAwZd7krswSLi9ghE9mXTdwvYrU2kxDTp,3
5HeUrEbAGBETtmELEc9dsmb3Kkm5c9sPEDpbLVDz7LRp9nAp,1
5CvdqVyHhK6YkCAXwC1eiv49qK1yMT2pSydpGFs73i9mHATu,2
5Gc7BJSwZWNh2uoxSuSEhhLQZRHzovyM3bhjaUBq5WKGQ4d1,3
5Cad4JfeLuAC2N1Zr9uxESrnDDLVz8ZTdpFshREqUJPnFBLm,1
5DCsBSQKFwAKHUP6EMcnEXysxbNW337tKWA9ZZHFzZyckBM7,2
5CMiRvHSrXSPYqL1XdbZFke5jUKj7tCxJxVuQ7P2gNUgVQSF,3
5DNsu8ZVyEndpuXogbbCmrD6hGDQfG7GtFy1g2b9GdBRtK1x,1
5GpVncxBuSCDGSyaEUEBkmgbNC1JPpzwCD2kjqJEr2GyT7sA,2
5HEHXtXxitGoV4d4eUrxNgfTFoM7mwhw4KcjxdrFtdNRSR5d,3
5CyuYEDckF3SADFDA4DiTTMSksdgVNpzTK5Vi2uwCynDxjdT,1
5DxxXzP9KKGgi3pkio95hi4r4S7gahuDpPUmYUYVbQUzSbau,2
5EA9Ry3rV11j9xnHsKXyv87YLJrqfR663vJjoQ313YYWnFj9,3
5FTnMPNhPfSQDk11ostrPueAST1zr5uNYzqAsZCs78PEFUJw,1
5HYEaHfhYTfXVZrD8DRFHfkALnkpHcmz95Bm1X2bXTb7MPqL,2
5FYeprTmxp7FGCGhqVfFACJeAboeD6RnQwB8EAYvtjHzBLyH,3
5EXFKEfqdyLPb2cQSsHVUa1VotX6r6ZHat8Jc22TNRGZKwuQ,1
5F4ZYtULwAxTaitSdEN3mZCN12KjKpVj5FnbrtKHdjQzGuY1,2
5E716qd9esVriB6bqGrbWj2sPa5RxNzYMi9mrWQYm7HvYeoy,3
5Few5hJUEmdQWRweBee3dWMywaBGQMe1e6bG1u16WniU94qA,1
5DAE7xER4gbnL75fxRMnXwUV4dUw6jgbpYJYtAKjtuCkAGKX,2
5FUfX6GAxacWy5TELQHacrEe8ciYbjJYsRi5c2kivpzVsdLs,3
5D7iCf7ES9nFgLAkebJLtYBrppfBqorgCvQEi1gf9RQx3uBi,1
5HGaNTtpc8VMg8WeLsfXrj8e2piauyzWJdATPMcay2NRkKDo,2
5E9W3Mo1xSsNKnVWZiMCwYNNghhkAptXzZFfFKgLwfVKPzxK,3
5FxRLy7GbU5DMdZ42KuLUerNTLoh7WGmmoV7M9aHWLwh2QhF,1
5HQQ5Fd17mLcPXHrU235Y8FrpxcRc7v1wWV422c8hbXAqqf9,2
5EUA6FuEmfbnWEJBBtT9a7CDHY9WJRobaKhCzNwZepkLM9Cx,3
5HjKorZ2v1SKUC3DV8Wso2cJCTQFzvqAfPqS4v2qdvZ1uTqC,1
5H6XpKFidw5pUYz9xUb46tGF6kXLnN1tac6KXFwqNiNNvy3W,2
5FTbSg45LdTDWUpQsCz9HCFBZP8mJXMRttcJa6G2rTmVazmE,3
5C5NMyBw32YtgP4hQixYb9p9aers8mHxqcQKLDUo113LBXC6,1
5Eedz4qLMvkhR1AbWeCgdCkAUBRL439SK3mvM1Rvi4NNeStS,2
5EfAz9fRQbtnQCTJzdqNSGRHfqZmRLk3vskmuPencd62rMvb,3
5Gmo8jmGCeN2WEFnDibw7WAqAiK8yoKU9KxgqB5VFZkE7pbY,1
5GHotGhLjVjyiuszUVdi95txTdZU3QEzAbzMeQj4HyAg3LFr,2
5FWaSGbsShsJH83fztokKzYKHScqfazJDK2mzmZBpCczx6Z4,3
5FJ8GqKWrzGx2fPBfQjBs9EXQvNUjpqebYsggY8srejEUDY3,1
5Gc296U7HDiY7wkX1PFpb5C6U7U4dhP6cGgx63ZdCsLbVEZr,2
5GWZPoLUN2m7fT29dBLtfB5apt4yF8ha2FVfRaMjRtV9D8Pb,3
5FRmzVscCy8qad8GNSDhNh4B1y5R1BFLKbthvmgyKPCeigXe,1
5EU5egFKtj5eJggnJkzzhARs8jXkTSMrktLHtTA73n6AbbVf,2
5Ceu9Tqg6zsH6JZTv6N4e8uoSU7gr3PUQDtuqRcHWWPjMR4B,3
5GF5sA4an1KVrmcPcfVU22JpfGeTJ6zxwTi3WNn21wmE4CZ9,1
5GpqtikrxPTJTtxfTSP5Z7QU2W4E8Rb8gSAq583FjkDiPMKD,2
5CopfoKBUxGGWdYoaqjibVQiZpdB9UKW8qLGRxFrcAnrkJ9p,3
5D5WnEfiRBFTiwR3MSockCddz7VxVH6sNvtN6uSVHCpXMiTN,1
5Gem2p4rJtksGRL8iNdn8zCwjdBPeTRLKyiEDfUo1PXJPC5x,2
5FNhowRD6vBaYgpFTNfbxmzsSaztFZg9VyVTcQ5szcF8Sbw3,3
5DUqmsqu78QU1criX2wMRXHNWxdJqzaFJq83742HQjQWbsop,1
5H1HNo18vpbA1fiMg6u4A8TWRDXQKwPpJJtGe9Drwp1R6Ai3,2
5FC7EQQDLNA8uN8wHmgyTmji3LJZwJQYEi7GqsbxnnUDDXCm,3
5FNB1QGTw8mC1rsK2cxC6D6oJ5QsrtxdkFkp3g5esrXdY22f,1
5EToWbFaTXTH8AxtkfqTYbtXFfuQzJs7qKt41SabW5GqUpE8,2
5GeJbjXqRX9Ahe4EBKpVV1X2v7WQnTRqNdjgGLD2xVwKVZ7k,3
5DLtAUDp8AaoDnv7eejRFCnZqRu7dkSckXtRXSyCnvmg7ZK8,1
5HTJhK7aCp9WLya7WUAHmMaG4PKu336y2a5Qi9orbnRSKnjN,2
5HY6RZhWaR2dHdkvsdZc3Dxa5cE9EnScY4S82wtDB5sCuhoy,3
5Do8o8KczHjekJzTnqGUu2nyjqDBjxEhqnsFLPNz5pYNSsbK,1
5Gv2mzjT9tSM2c4A89e5jBG1eUUeunP2FBsdxYAyEZYDPKpD,2
5EToFWNfNGdLMS3HG5ca7a4qVAKoFvnxh86D32HAwWh4AjyX,3
5Ecrud2cc8pznek4iPDpXiKb6ewoYfhQkn4zbBbF89YXzLRN,1
5Dsu4HM1DvfMLhHwQqhSED1stLqQs5V2KBD2ggimyo2YEbX7,2
